<?xml version="1.0" encoding="UTF-8"?>
<mule xmlns:http="http://www.mulesoft.org/schema/mule/http" xmlns:tracking="http://www.mulesoft.org/schema/mule/ee/tracking" xmlns="http://www.mulesoft.org/schema/mule/core" xmlns:doc="http://www.mulesoft.org/schema/mule/documentation" xmlns:spring="http://www.springframework.org/schema/beans"  xmlns:xsi="http://www.w3.org/2001/XMLSchema-instance" xsi:schemaLocation="http://www.springframework.org/schema/beans http://www.springframework.org/schema/beans/spring-beans-current.xsd
http://www.mulesoft.org/schema/mule/core http://www.mulesoft.org/schema/mule/core/current/mule.xsd
http://www.mulesoft.org/schema/mule/http http://www.mulesoft.org/schema/mule/http/current/mule-http.xsd
http://www.mulesoft.org/schema/mule/ee/tracking http://www.mulesoft.org/schema/mule/ee/tracking/current/mule-tracking-ee.xsd">
    <http:listener-config name="HTTP_Listener_Configuration" host="localhost" port="8081" doc:name="HTTP Listener Configuration"/>
    <flow name="CBR_TutorialFlow1" >
        <http:listener config-ref="HTTP_Listener_Configuration" path="/" doc:name="HTTP"/>
        <expression-filter expression="#[message.inboundProperties.'http.request.uri' != '/favicon.ico']" doc:name="Expression"/>
        <set-variable variableName="language" value="#[message.inboundProperties.'http.query.params'.language]" doc:name="Set Language Variable"/>
        <choice doc:name="Choice">
            <when expression="#[flowVars.language == 'Spanish']">
                <set-payload value="Hola!" doc:name="Reply in Spanish"/>
            </when>
            <when expression="#[flowVars.language == 'French']">
                <set-payload value="Bonjour!" doc:name="Reply in French"/>
            </when>
            <otherwise>
                <set-variable variableName="language" value="English" doc:name="Set Language to English"/>
                <set-payload value="Hello!" doc:name="Reply in English"/>
            </otherwise>
        </choice>
        <logger message="The reply &quot;#[payload]&quot; means &quot;hello&quot; in #[flowVars.language]." level="INFO" doc:name="Logger"/>
    </flow>
</mule>